risk_level,transactions,total_amount,avg_amount
Low Risk,6354438,1132348267787.38,178198.01968126526
Medium Risk,1,799149.76,799149.76
High Risk,8181,12043877822.63,1472176.7293277103
